{"meta":{"title":"起风了","subtitle":"","description":"","author":"文子","url":"http://panxianwen.com","root":"/"},"pages":[{"title":"","date":"2021-04-24T19:30:09.720Z","updated":"2021-04-24T19:30:09.720Z","comments":true,"path":"about/index.html","permalink":"http://panxianwen.com/about/index.html","excerpt":"","text":"My Self"},{"title":"所有分类","date":"2021-04-24T19:30:09.720Z","updated":"2021-04-24T19:30:09.720Z","comments":true,"path":"categories/index.html","permalink":"http://panxianwen.com/categories/index.html","excerpt":"","text":""},{"title":"所有标签","date":"2021-04-24T19:30:09.720Z","updated":"2021-04-24T19:30:09.720Z","comments":true,"path":"tags/index.html","permalink":"http://panxianwen.com/tags/index.html","excerpt":"","text":""}],"posts":[{"title":"Hello World","slug":"hello-world","date":"2021-04-24T19:30:09.718Z","updated":"2021-04-24T19:30:09.718Z","comments":true,"path":"2021/04/25/hello-world/","link":"","permalink":"http://panxianwen.com/2021/04/25/hello-world/","excerpt":"","text":"Welcome to Hexo! This is your very first post. Check documentation for more info. If you get any problems when using Hexo, you can find the answer in troubleshooting or you can ask me on GitHub. Quick StartCreate a new post1$ hexo new &quot;My New Post&quot; More info: Writing Run server1$ hexo server More info: Server Generate static files1$ hexo generate More info: Generating Deploy to remote sites1$ hexo deploy More info: Deployment","categories":[],"tags":[]},{"title":"PWA","slug":"PWA","date":"2021-04-24T19:30:09.717Z","updated":"2021-04-25T16:52:39.064Z","comments":true,"path":"2021/04/25/PWA/","link":"","permalink":"http://panxianwen.com/2021/04/25/PWA/","excerpt":"","text":"PWA简单入门及一些使用场景简介PWA（Progressive Web Apps，渐进式Web应用）运用现代的 Web API 以及传统的渐进式增强策略来创建跨平台 Web 应用程序，使其具有与原生应用相同的用户体验优势。 使用浏览器缓存技术可离线使用的Web应用，区别于Native App与Hybrid App (Ionic、ReactNative、Weex等)。 使用场景 支持离线使用 用户的网络环境为弱网环境（如：应急管理场景） 首屏优化 数据量较大使用频率较高的单页面 PWA使用到的技术 Web App Manifest (生成桌面图标) Service Worker (离线访问) Push API &amp; Notification API (服务端消息推送) App Shell &amp; App Skeleton (骨架屏) 一. Web App Manifest将Web应用的Icon添加到桌面，名称与图标可自定义 Web应用程序清单 1&lt;link rel=&quot;manifest&quot; href=&quot;/manifest.json&quot;&gt; manifest.json 12345678910111213141516171819202122232425262728293031323334&#123; &quot;name&quot;: &quot;MyWebApp&quot;, //应用名称 &quot;short_name&quot;: &quot;PWA应用示例&quot;, //桌面应用的名称 &quot;start_url&quot;: &quot;.&quot;, //指定用户从设备启动应用程序时加载的URL &quot;display&quot;: &quot;standalone&quot;, //(fullscreen、standalone、minmal-ui、browser) &quot;background_color&quot;: &quot;#fff&quot;,//启动画面颜色 &quot;description&quot;: &quot;A simply readable Hacker News app.&quot;, &quot;icons&quot;: [&#123; //设置桌面图片 ionc图标 &quot;src&quot;: &quot;images/touch/homescreen48.png&quot;, &quot;sizes&quot;: &quot;48x48&quot;, &quot;type&quot;: &quot;image/png&quot; &#125;, &#123; &quot;src&quot;: &quot;images/touch/homescreen72.png&quot;, &quot;sizes&quot;: &quot;72x72&quot;, &quot;type&quot;: &quot;image/png&quot; &#125;, &#123; &quot;src&quot;: &quot;images/touch/homescreen96.png&quot;, &quot;sizes&quot;: &quot;96x96&quot;, &quot;type&quot;: &quot;image/png&quot; &#125;, &#123; &quot;src&quot;: &quot;images/touch/homescreen144.png&quot;, &quot;sizes&quot;: &quot;144x144&quot;, &quot;type&quot;: &quot;image/png&quot; &#125;, &#123; &quot;src&quot;: &quot;images/touch/homescreen168.png&quot;, &quot;sizes&quot;: &quot;168x168&quot;, &quot;type&quot;: &quot;image/png&quot; &#125;, &#123; &quot;src&quot;: &quot;images/touch/homescreen192.png&quot;, &quot;sizes&quot;: &quot;192x192&quot;, &quot;type&quot;: &quot;image/png&quot; &#125;], &quot;theme_color&quot;: &quot;#aaa&quot; // 状态栏的颜色&#125; 针对IOS的配置 12345&lt;link rel=&quot;apple-touch-icon&quot; href=&quot;icon.png&quot;&gt;&lt;meta name=&quot;apple-mobile-web-app-title&quot; content=&quot;PWA应用示例&quot;&gt;&lt;meta name=&quot;apple-mobile-web-app-capable&quot; content=&quot;yes&quot;&gt;&lt;meta name=&quot;apple-mobile-web-app-status-bar-style&quot; content=&quot;black&quot;&gt;&lt;meta name=&quot;theme-color&quot; content=&quot;#000000&quot;&gt; 用Android的chrome浏览器访问，然后通过设置-添加到桌面功能，就可以将你的应用添加到桌面了。iOS不支持添加到桌面功能，用iOS的safari浏览器访问应用，然后通过底部的分享按钮-添加到主屏幕。 添加到桌面后，PWA 并不是一个快捷方式，而是能够在系统中作为一个独立的 App 存在的，用户可以设置它的权限，清除它的缓存，就和 Native App 一样。 二. Service WorkerService Worker的特点 一个特殊的 worker 线程，独立于当前网页主线程，有自己的执行上下文 自动休眠，不会随浏览器关闭而失效 (需要手动卸载) 可拦截并代理请求和处理返回，可以操作本地缓存，如 CacheStorage，IndexedDB 等 离线缓存内容开发者可控，可以控制动态请求，第三方静态资源等 不能直接访问 / 操作dom 所有api都基于Promise实现 能接受服务器推送的离线消息 必须在 HTTPS / Localhost环境下才能工作 Service Worker的浏览器支持 Chrome V40 版本就已经支持 Service Worker，Apple 方面从 MacOS Safari 11.1 和 iOS Safari 11.3 开始全面支持，IE Edge 从 17 版本开始全面支持。 生命周期 安装(installing)：在主线程成功注册 Service Worker 之后，开始下载并解析执行的过程中，触发 install 事件回调，这里可以指定一些静态资源进行离线缓存。 安装后(installed)：install 事件回调成功执行，Service Worker 已经完成了安装，如果 install 事件回调执行失败，则生命周期进入 Error 终结状态，终止生命周期。 激活(activating)：这个状态表示允许当前的 worker 完成安装，并且清除了其他的 worker 以及关联缓存的旧缓存资源，等待新的 Service Worker 线程被激活。 激活后(activated)：该状态下会处理 activate 事件回调 (提供了更新缓存策略的机会)。并可以处理功能性的事件 fetch (请求)、sync (后台同步)、push (推送)等。 废弃状态(redundant)：这个状态表示 Terminated 终结状态。激活后 Service Worker 被 unregister 或者有新的 Service Worker 版本更新，则当前 Service Worker 生命周期完结。 生命周期中重要的几个方法 install事件回调中的两个方法 event.waitUntil() ：传入一个 Promise 为参数，等到该 Promise 为 resolve 状态为止。 **self.skipWaiting()**：表示强制当前处在 waiting 状态的 Service Worker 进入 activate 状态 activate事件回调中的两个方法 event.waitUntil() ：传入一个 Promise 为参数，等到该 Promise 为 resolve 状态为止。 **self.clients.claim()**：在 activate 事件回调中执行该方法表示取得页面的控制权, 这样之后打开页面都会使用版本更新的缓存。旧的 Service Worker 脚本不再控制着页面，之后会被停止。 主要步骤1. 注册serviceWorker 首页面index.html 12345&lt;script&gt; if(&#x27;serviceWorker&#x27; in navigator) &#123; await navigator.serviceWorker.register(&#x27;sw.js&#x27;, &#123;scope: &#x27;/&#x27;&#125;) &#125;&lt;/script&gt; 2. 注册监听函数 注册serviceWorker使用的sw.js中，其中self指当前的浏览器进程 12345678910111213141516//Service Workerconsole.log(&#x27;Service Worker 注册成功&#x27;)self.addEventListener(&#x27;install&#x27;, ()=&gt;&#123; //安装回调 console.log(&#x27;Service Worker 安装成功&#x27;)&#125;)self.addEventListener(&#x27;activate&#x27;, ()=&gt;&#123; //激活回调 console.log(&#x27;Service Worker 激活成功&#x27;);&#125;)self.addEventListener(&#x27;fetch&#x27;, (event)=&gt;&#123; console.log(&#x27;Service Worker 抓取请示成功：&#x27; + event.request.url);&#125;) 3. 缓存静态资源安装时按缓存列表进行缓存处理 123456789101112131415161718//添加缓存const version = 1const CACHE_NAME = &#x27;Version&#x27; + versionconst CACHE_LIST = [ &#x27;/&#x27;, &#x27;index.html&#x27;, &#x27;imgs/snake.png&#x27;]async function preCache() &#123; let cache = await caches.open(CACHE_NAME) await cache.addAll(CACHE_LIST) await self.skipWaiting()&#125; self.addEventListener(&#x27;install&#x27;, (event)=&gt;&#123; //安装回调 console.log(&#x27;Service Worker 安装成功&#x27;) event.waitUntil(preCache()) //跳过等待，直接激活&#125;) 激活后，清除无用的缓存数据 123456789101112131415//清除无用缓存async function clearCache() &#123; self.clients.claim() // 让serviceWorker拥有控制权 let keys = await caches.keys() await Promise.all(keys.map(key=&gt;&#123; if(key !== CACHE_NAME ) &#123; return caches.delete(key) &#125; &#125;))&#125;self.addEventListener(&#x27;activate&#x27;, (event)=&gt;&#123; //激活回调 console.log(&#x27;Service Worker 激活成功&#x27;); event.waitUntil(clearCache())&#125;) 4. 离线使用缓存1234567891011121314self.addEventListener(&#x27;fetch&#x27;, (event)=&gt;&#123; console.log(&#x27;Service Worker 抓取请示成功：&#x27; + event.request.url) let url = new URL(event.request.url) console.log(url.origin, self.origin) if(url.origin !== self.origin) &#123; // 静态资源走浏览器缓存 return &#125; event.respondWith( fetch(event.request).catch(err=&gt;&#123; console.log(event.request) return caches.match(event.request) &#125;) )&#125;) 5. 缓存策略 network first（网络优先） 该策略会优先尝试发送网络请求获取资源，在资源获取成功的同时会复制一份资源缓存到本地，当网络请求失败时再尝试从本地缓存中读取缓存资源。 一般适用于对请求的实时性和稳定性有要求的情况 cache first（缓存优先） 该策略会优先从本地缓存读取资源，读取失败后再发起网络请求，成功获得网络请求响应结果时会将该结果缓存到本地。 对于实时性要求不太高的资源，可以使用该策略提高加载速度。 network only（仅网络） 仅通过发送正常的网络请求获取资源，并将请求响应结果直接返回。 适用于对实时性要求非常高的资源，或者是无需进行缓存的资源。比如验证码图片、统计数据请求等等 cache only（仅缓存） 仅从缓存中读取资源。 这个策略一般需要配合预缓存方案使用 StaleWhileRevalidate（从缓存取，用网络数据更新缓存） 该策略跟 cache first 策略比较类似，都是优先返回本地缓存的资源。不同的地方在于，该策略无论在缓存读取是否成功的时候都会发送网络请求更新本地缓存。 优点：在保证资源请求响应速度的同时，还能够保证缓存中的资源一直保持一个比较新的状态 缺点：每次请求资源的时候，都会发起网络请求占用用户的网络带宽 WorkboxWorkbox 是 Google Chrome 团队推出的一套 PWA 的解决方案，这套解决方案当中包含了核心库和构建工具，因此我们可以利用 Workbox 实现 Service Worker 的快速开发。 三. 总结 了解了PWA使用到的技术栈，一些特性和生命周期 如何配置一个简单的PWA应用，及对已有项目的改造是渐进式的 应用缓存的常见的几种策略及实例说明 相关链接 vue/cli-plugin-pwa workbox PWA应用实战 PWA应用的改造 PWA实例","categories":[{"name":"Web技术","slug":"Web技术","permalink":"http://panxianwen.com/categories/Web%E6%8A%80%E6%9C%AF/"}],"tags":[{"name":"PWA","slug":"PWA","permalink":"http://panxianwen.com/tags/PWA/"},{"name":"JS","slug":"JS","permalink":"http://panxianwen.com/tags/JS/"}],"author":"文子"}],"categories":[{"name":"Web技术","slug":"Web技术","permalink":"http://panxianwen.com/categories/Web%E6%8A%80%E6%9C%AF/"}],"tags":[{"name":"PWA","slug":"PWA","permalink":"http://panxianwen.com/tags/PWA/"},{"name":"JS","slug":"JS","permalink":"http://panxianwen.com/tags/JS/"}]}